
command

/l 

List of databases
   Name    |  Owner   | Encoding | Locale Provider | Collate | Ctype | Locale | ICU Rules |   Access privileges
-----------+----------+----------+-----------------+---------+-------+--------+-----------+-----------------------
 postgres  | postgres | UTF8     | libc            | en-US   | en-US |        |           |
 template0 | postgres | UTF8     | libc            | en-US   | en-US |        |           | =c/postgres          +
           |          |          |                 |         |       |        |           | postgres=CTc/postgres
 template1 | postgres | UTF8     | libc            | en-US   | en-US |        |           | =c/postgres          +
           |          |          |                 |         |       |        |           | postgres=CTc/postgres
(3 rows)

 \c template1

You are now connected to database "template1" as user "postgres".
template1=#

CREATE DATABASE test_db;

/l

 List of databases
   Name    |  Owner   | Encoding | Locale Provider | Collate | Ctype | Locale | ICU Rules |   Access privileges
-----------+----------+----------+-----------------+---------+-------+--------+-----------+-----------------------
 postgres  | postgres | UTF8     | libc            | en-US   | en-US |        |           |
 template0 | postgres | UTF8     | libc            | en-US   | en-US |        |           | =c/postgres          +
           |          |          |                 |         |       |        |           | postgres=CTc/postgres
 template1 | postgres | UTF8     | libc            | en-US   | en-US |        |           | =c/postgres          +
           |          |          |                 |         |       |        |           | postgres=CTc/postgres
 test_db   | postgres | UTF8     | libc            | en-US   | en-US |        |           |
(4 rows)

CREATE DATABASE test_db2 with template template0;
CREATE DATABASE

 \conninfo
You are connected to database "postgres" as user "postgres" on host "localhost" (address "::1") at port "5432".

 \dn
      List of schemas
  Name  |       Owner
--------+-------------------
 public | pg_database_owner
(1 row)

\! cls

 \du
                             List of roles
 Role name |                         Attributes
-----------+------------------------------------------------------------
 postgres  | Superuser, Create role, Create DB, Replication, Bypass RLS

 CREATE USER user3;
 CREATE ROLE

 SELECT usename FROM pg_user WHERE usename = 'user3';

 usename
---------
 user3
(1 row)

 \du

 List of roles
 Role name |                         Attributes
-----------+------------------------------------------------------------
 postgres  | Superuser, Create role, Create DB, Replication, Bypass RLS
 user1     |
 user3     |

CREATE USER user4 with login encrypted password '123456';

CREATE ROLE

CREATE ROLE role1 with login encrypted password '123456';
CREATE ROLE

48-4 Granting and Revoking Privileges

CREATE TABLE students (
    id SERIAL PRIMARY KEY,
    name VARCHAR(100) NOT NULL,
    age INTEGER,
    enrollment_date DATE
);

\d students

\dt

 GRANT ALL PRIVILEGES ON TABLE students TO user1;

GRANT

 psql -U user3 -d postgres

 From powershall

  psql -U postgres -d postgres
Password for user postgres:
psql (17.4)
WARNING: Console code page (437) differs from Windows code page (1252)
         8-bit characters might not work correctly. See psql reference
         page "Notes for Windows users" for details.
Type "help" for help.

postgres=#

 CREATE USER nabil with login encrypted password '123456';
 CREATE ROLE

  psql -U nabil -d postgres
Password for user nabil:
psql (17.4)
WARNING: Console code page (437) differs from Windows code page (1252)
         8-bit characters might not work correctly. See psql reference
         page "Notes for Windows users" for details.
Type "help" for help.

postgres=> \conninfo
You are connected to database "postgres" as user "nabil" on host "localhost" (address "::1") at port "5432".
postgres=>

 \dt
          List of relations
 Schema |   Name   | Type  |  Owner
--------+----------+-------+----------
 public | nafis    | table | postgres
 public | nafis1   | table | postgres
 public | students | table | postgres
(3 rows)

 select *from students;
ERROR:  permission denied for table students

for nabil user students table

postgres=# GRANT ALL PRIVILEGES ON TABLE students TO nabil;
GRANT

select * from students;
 id | name | age | enrollment_date
----+------+-----+-----------------
(0 rows)

postgres=> INSERT INTO students (name) VALUES ('nafis');
ERROR:  permission denied for sequence students_id_seq

GRANT USAGE, SELECT ON SEQUENCE students_id_seq TO nabil;
GRANT

INSERT INTO students (name) VALUES ('nafis');
INSERT 0 1

SELECT * FROM students;

SELECT * FROM students;
 id | name  | age | enrollment_date
----+-------+-----+-----------------
  1 | nafis |     |
(1 row)

 REVOKE ALL PRIVILEGES ON TABLE students FROM nabil;
REVOKE


CREATE DATABASE test;
CREATE DATABASE

alter database test rename to ph;
ALTER DATABASE

drop database ph;
DROP DATABASE

<!-- how to create table and insert data type -->

DATA types

boolean, numbers,binary,date/time,json,character,uuid,Array,XML,

interger
INT,BIGINT,SMALLINT

FLOAT4,FLOAT8

Valentian te

CREATE  TABLE person(
  person_id SERIAL,
    first_name VARCHAR(50),
    last_name VARCHAR(50),
    age INTEGER,
    dob DATE
)

ALTER TABLE person RENAME TO "user"  

DROP  TABLE "user"

What is coloumn constraint


CREATE TABLE person (
    person_id SERIAL PRIMARY KEY,
    first_name VARCHAR(50) NOT NULL, 
    last_name VARCHAR(50) NOT NULL,
    age INTEGER CHECK (age > 0 AND age < 150), 
    dob DATE NOT NULL CHECK (dob < CURRENT_DATE) 
);


CREATE TABLE person2 (
    person_id SERIAL,
    first_name VARCHAR(50) NOT NULL UNIQUE, 
    last_name VARCHAR(50) NOT NULL,
    age INTEGER CHECK (age > 0 AND age < 150), 
    dob DATE NOT NULL CHECK (dob < CURRENT_DATE),
    PRIMARY KEY(person_id)
);



CREATE TABLE person3 (
    person_id SERIAL,
    first_name VARCHAR(50) NOT NULL, 
    last_name VARCHAR(50) NOT NULL,
    age INTEGER CHECK (age > 0 AND age < 150), 
    dob DATE NOT NULL CHECK (dob < CURRENT_DATE),
    PRIMARY KEY(person_id,first_name),
    UNIQUE(first_name,last_name)
);

Single Row insert

syntex

INSERT INTO your_table (column1, column2,column3)

VALUES(value1,value2,value3)

Multi-Row insert

INSERT INTO your_table (column1, column2,column3)
VALUES (value1,value2,value3),(value4,value5,value6)

insert

INSERT INTO your_tabke
VALUES(value1,value2,value3)

